municipio,region,codigo_partido,PBG2021,bienes_2021,servicios_2021,agro_2021,industria_2021,PBG2022,bienes_2022,servicios_2022,agro_2022,industria_2022,poblacion,tipo,codigo_indec,PBG_per_capita,Peso_Agro,Peso_Industria,Peso_Servicios,Variacion_Total,Variacion_Bienes,Variacion_Servicios,Agroindustrial
ADOLFO ALSINA,Interior,007,529207806.6069914,322296233.92012495,151429273.28047964,285959044.9287896,22727720.10212082,598774385.057956,372329773.9054062,163484150.9366361,334154132.6046148,23624529.22091556,17552,I,06007,34114.31090804216,55.80635059602152,3.9454809374701156,27.30313036366983,13.145418034739459,15.524084590352706,7.96073136653586,Resto
ADOLFO GONZALES CHAVES,Interior,014,389736875.75140744,251491505.954717,97813337.75363901,231006275.43631336,12631680.4770418,333390903.18181515,195585327.63302216,99570696.87662388,170218977.7803492,14849274.858833548,12914,I,06014,25816.238437495365,51.056875324375625,4.4540132070536655,29.86605091091009,-14.457439384189145,-22.22984752883113,1.7966456961228594,Resto
ALBERTI,Interior,021,310807157.4099791,173475661.20891258,102473910.11567308,142627000.43125796,16642035.300455743,297106996.8858645,161776699.7928138,99776276.866246745,127828619.33765355,16986363.701595124,12982,I,06021,22886.072784306307,43.02443923485239,5.717254685900427,33.58260758314501,-4.407929546501086,-6.743863280054021,-2.632507382982881,Resto
ALMIRANTE BROWN,AMBA,028,6137215753.169094,1688464500.3846157,3230131251.326247,13305307.642826242,1436323208.0527956,6512979147.14841,1835859469.713443,3390111551.417865,12745526.311489983,1521623826.6724236,584827,C,06028,11136.591072485384,0.1956942594706507,23.362946392030736,52.0516260658099,6.122701385971018,8.729527289158419,4.952749211844933,Resto
ARRECIFES,Interior,077,628681596.1004087,332810402.7082448,202377084.96075022,190732994.5825222,124657788.2551562,673295941.2278117,354418451.96051687,218259491.56686798,199427488.63687187,135070059.63097087,32215,I,06077,20900.07577922743,29.619588716545522,20.06102389161284,32.41657615948991,7.0964929471670946,6.492600314304049,7.847927352643729,Agroindustrial
AVELLANEDA,AMBA,035,6125439088.524248,2110727918.8719032,2950858010.639908,73740.77852261053,1688368390.246352,6414182672.598868,2185999200.8461885,3108341816.375388,54159.016676042076,1783660244.4471247,367554,C,06035,17450.994065086677,8.443634901046276e-4,27.808067457555424,48.46045045854556,4.7138430388699675,3.566129073353744,5.336881854960184,Resto
AYACUCHO,Interior,042,437693421.0616385,232645275.82288066,152353624.71591678,198576650.51242605,19635481.698810577,451048321.7863316,238160136.12573352,156642295.7035797,200044633.52572328,22120974.28803658,21977,I,06042,20523.652991142175,44.35104264072341,4.904346878052596,34.72849540448651,3.05119978552577,2.370501736322162,2.8149451617312673,Resto
AZUL,Interior,049,1523997115.37208,703503098.5996914,631685975.3532956,384279190.46305376,154447923.83403334,1492293658.750753,666284911.589864,628515039.3125867,341378141.9047857,173142765.23630413,75905,I,06049,19660.017900675226,22.87606999486712,11.602459356508122,42.11738323935095,-2.080283243422468,-5.290408398187502,-0.5019798071241691,Resto
BAHIA BLANCA,Interior,056,5346461207.9722,1581164726.680351,2900726839.716339,52447881.69278185,1215050379.8837059,5716704740.342797,1701271422.0000498,3090105714.773391,44701350.931708284,1331768086.5017774,336557,I,06056,16985.844122519506,0.781942621878838,23.296079594656817,54.053967366313465,6.925020456868189,7.596089976776951,6.528669727328443,Resto
BALCARCE,Interior,063,1074259003.5408368,571781578.0173563,359755764.62240547,373579661.21073246,143800266.41422454,1096786966.1709006,562694548.9469421,384625555.87551576,345851729.9532562,149887581.40292633,48982,I,06063,22391.632970701496,31.533172860422727,13.666061507478833,35.068392289372234,2.0970699389821212,-1.589248310853826,6.912965322241123,Agroindustrial
BARADERO,Interior,070,630374527.2297617,301858433.41060674,224037078.95085916,125727613.35390308,147323309.26330394,681851671.5627323,332104987.5539071,237559167.463093,143922243.0638986,156737524.07992056,40002,I,06070,17045.439517092454,21.10755888213106,22.987041114190514,34.84029993189463,8.166120632950005,10.020112342581827,6.03564757028448,Resto
BENITO JUAREZ,Interior,084,736835667.4906516,417125769.9134728,226066625.2230766,229392738.03920883,125323451.78941108,742501052.0074983,406453245.01296055,239675499.810931,219643268.879179,129638581.87104918,22292,I,06084,33307.960344854575,29.581543121767982,17.459716928419923,32.27948285903717,0.7688803306903618,-2.5585868029026577,6.0198512604085215,Agroindustrial
BERAZATEGUI,AMBA,091,3855424396.818001,1134777445.879397,1971553375.3693275,18650784.13632699,887435390.4907416,4056686519.3188314,1216368572.812598,2048894454.6885839,17874071.132364042,944303714.8464633,358712,C,06091,11309.034878450766,0.4406076497960538,23.277709784807918,50.50660052067861,5.220232632935,7.190055391872188,3.9228498850439766,Resto
BERISSO,Interior,098,954601369.97142,222475359.7240487,543314470.9092873,1784843.12894279,184187744.48710808,1010784799.32518,243787514.8438006,568624193.9898981,1751144.4814928295,191587288.8856571,100930,I,06098,10014.711179284455,0.17324602454072602,18.954310453972457,56.255712825274266,5.885538311708277,9.579557550187497,4.658392963149422,Resto
BOLIVAR,Interior,105,790446662.9593714,418097360.07824683,277912865.5268322,331173068.26080585,42617352.649324864,841757304.4548637,440461720.235701,299077466.32450324,363098389.36462235,44362608.28867879,37594,I,06105,22390.735342205237,43.13575747344076,5.270237401433513,35.530130209941085,6.491347727801029,5.3490794950890646,7.615552722811099,Resto
BRAGADO,Interior,112,885496630.0109136,451187060.2552288,312202133.05693865,278912506.50714815,125703726.98562393,911663873.1676452,450342816.9564003,331324109.9224835,262556667.01913,140803951.5105714,46504,I,06112,19603.988327190033,28.799722655111577,15.44472207956836,36.34279252190534,2.9550923481672764,-0.18711602641063513,6.124870665780312,Agroindustrial
BRANDSEN,Interior,119,577921383.0659741,266922358.01845464,216470167.69563183,56699126.472933605,155785421.89957774,603368711.8044336,274573045.746434,230701411.5533183,58953590.810667574,155716608.66118112,32448,I,06119,18594.943041310205,9.770740453935877,25.807869320153387,38.235560949685805,4.40325094106346,2.8662596062673678,6.574228684340615,Resto
CAMPANA,Interior,126,5455134443.178591,3467996352.3226438,965642933.2615695,44396076.34784303,3175589458.00816,5353751358.047687,3331973700.171729,1017406330.294568,32208009.21894661,3088760065.137758,110566,I,06126,48421.31720463512,0.6015970310337996,57.69337906391142,19.003615637943597,-1.8584892120794447,-3.9222259290963595,5.360511142370363,Resto
CANUELAS,Interior,134,919590495.2693803,349108903.2578677,411342383.6306891,66478943.25867731,204379585.05489153,994444179.3041784,391120155.106974,434566791.22464347,67548834.42553136,213698801.7418138,70684,C,06134,14068.872436536958,6.792622032620865,21.489270709125254,43.699465517382166,8.139893182874923,12.033852891478649,5.646004039011378,Resto
CAPITAN SARMIENTO,Interior,140,332670173.4519447,180032303.53887618,98926668.68543598,79738054.12632345,95113136.08872662,363120352.385817,203074199.57237276,101911503.34307852,99620646.52878723,99840869.56023674,15965,I,06140,22744.776222099405,27.4346083534695,27.495255747646823,28.065489216863586,9.153263912393069,12.7987564345756,3.0172194184903063,Agroindustrial
CARLOS CASARES,Interior,147,664843355.6554669,293428894.22001773,304351492.6464081,244249539.86418858,23463487.853787906,675640186.1222696,317712212.53814185,285877034.8326074,268095594.64652196,24920481.612974986,23100,I,06147,29248.492905725958,39.68023219359026,3.6884250115438166,42.31202357476005,1.6239660628266572,8.27570794712401,-6.070105867778377,Resto
CARLOS TEJEDOR,Interior,154,364797400.7200789,236267821.757863,90247106.08079915,207563306.9094017,8604096.409922251,425452711.80826914,283273401.5694206,97451763.80879168,260824303.56351736,9159705.728935644,14079,I,06154,30218.95815102416,61.3051218912099,2.152931565532829,22.905427819369134,16.62712260790835,19.89504091663013,7.9832562404185365,Resto
CARMEN DE ARECO,Interior,161,340593970.6345752,170965404.27073348,121311742.05787149,103781302.42246057,56110446.69247582,358405619.06097585,179984117.0348798,126759960.42809947,105492613.86323188,59857132.323384546,17499,I,06161,20481.4914601392,29.43386159503385,16.70094695507578,35.36773802827396,5.229584185890025,5.275168273146467,4.49108905519543,Agroindustrial
CASTELLI,Interior,168,166456049.8852444,84269347.10513629,59636202.70265566,53585409.34503513,9970314.671219517,183776865.4546592,96324754.85916921,63029747.17606669,59451669.66798816,10249567.116518836,9594,I,06168,19155.39560711478,32.34992038900341,5.577180289347995,34.29688879507915,10.40563895476064,14.3058041484436,5.690410052315274,Resto
CHACABUCO,Interior,210,1027810662.2761086,511507993.1299454,370522006.49230987,297910868.6415865,167838562.60203096,1039814688.1548147,500495330.1234137,388187049.6789944,271652486.6561187,173312589.15399286,52729,I,06210,19719.97739678004,26.12508649384199,16.66764194892666,37.332329895035926,1.167921906173159,-2.152979651235678,4.76760971741396,Agroindustrial
CHASCOMUS,Interior,218,620839364.6679505,223857673.52221185,300387197.53937936,93981837.75871173,100370092.58866352,642357945.1483239,226304195.82378688,313574771.5111626,89391293.52702755,109198317.64391758,42452,I,06218,15131.394166313105,13.916118606797433,16.999605666697732,48.81620502705177,3.4660464050765163,1.0928918643176568,4.390191752447902,Resto
CHIVILCOY,Interior,224,1104260604.8783596,453125273.11519444,482692125.5613023,228344515.76113808,173516141.89202207,1181415305.9016802,484977167.5836596,510851965.7248526,228207368.19097584,214145150.7386368,70839,I,06224,16677.470121002276,19.316439109175356,18.1261534084491,43.24067609188117,6.987001137455202,7.029379369966789,5.833913310850976,Resto
COLON,Interior,175,483912569.856385,251576938.93846977,156525800.0381451,129168985.52501464,98950248.72942016,505952682.8535343,257783262.66032845,169217787.5205707,131171298.56770971,98763631.49272132,27504,I,06175,18395.603652324546,25.925605894194227,19.52032963551098,33.44537804725046,4.5545650950315935,2.4669684542813406,8.10855940639344,Agroindustrial
CORONEL DE MARINA L ROSALES,Interior,182,625362314.171233,116812100.43012631,396450549.2335683,29765829.023293957,39741100.288907774,698298378.6718642,153187997.35819608,424385232.51758647,24578917.150749534,48923175.319751754,67503,I,06182,10344.701401002387,3.5198301902830798,7.006055980367834,60.77419703089535,11.663009242456553,31.140521225220844,7.046196136699127,Resto
CORONEL DORREGO,Interior,189,617361541.5406334,389306413.319905,170973978.6675545,370458436.39196086,6513819.592292901,492038352.7087028,267441798.13173315,174428545.8381715,248493568.95214495,6715230.891175635,15968,I,06189,30814.02509448289,50.50288612344381,1.3647779394040844,35.45019303432977,-20.29980496018347,-31.303007353241814,2.0205221856210933,Resto
CORONEL PRINGLES,Interior,196,599323826.7405225,266794962.18778664,266313082.25650173,228540755.34336346,17214529.622167293,577125294.2741618,227143954.02351904,283592936.4564217,184342276.85666382,18580304.29001328,24420,I,06196,23633.30443383136,31.941465516341157,3.2194576246014885,49.13888531139334,-3.703929574615686,-14.861977842129864,6.488548761294685,Resto
CORONEL SUAREZ,Interior,203,920562382.6388143,481915871.32603025,321574636.1972659,338509231.5049402,105729698.1527334,943313042.3555492,481479573.8796237,339359975.387325,320502769.5519263,109124570.29774147,42110,I,06203,22401.16462492399,33.97628943532871,11.568224480947094,35.975329519446525,2.4713870722720137,-0.09053394427662981,5.530703354088185,Resto
DAIREAUX,Interior,231,543208118.7322366,335230093.9430186,149476876.10134497,301620046.54416883,26111957.091413666,555835315.3563894,339941957.23500115,154027462.0508815,301589758.2194773,26356199.214320704,18422,I,06231,30172.365397697828,54.25883348669643,4.741728077752974,27.710988811879012,2.3245596280156295,1.4055609496632602,3.0443410835340483,Resto
DOLORES,Interior,238,314399478.11772794,49159012.3579929,215059706.51561886,18285270.838817876,12415888.465788912,325904800.1612316,47493986.48159804,225392871.15287465,20591690.2246748,13861572.10482662,32032,I,06238,10174.350654384103,6.318314493830003,4.253258036693238,69.15911365569588,3.6594596506281207,-3.3870206021829063,4.804788774556118,Resto
ENSENADA,Interior,245,3987414707.5360065,2632983553.957962,611075684.8922739,157158.9203491453,2432120743.7317133,4101970900.0045705,2645255121.370802,676785785.7866638,991790.6771058977,2546770204.4820056,63997,I,06245,64096.299826625785,0.02417839378394402,62.08650101538185,16.499039176165528,2.8729440219011777,0.46607079616555086,10.753185328585584,Resto
ESCOBAR,Interior,252,3897113382.179907,1656117018.6342182,1582715442.5306783,2816553.2318371264,1056823004.3009996,3983024617.7013974,1588817533.8583236,1701727156.3559499,2844916.8710755757,1126919316.8844206,256268,C,06252,15542.418943065062,0.07142604287285015,28.293054275290057,42.72449506822321,2.204483860139447,-4.0636913949109585,7.5194637410612595,Resto
ESTEBAN ECHEVERRIA,AMBA,260,3521022309.6771746,1034102028.709546,1789817908.1653588,1488433.954054172,838765207.8760152,3726447980.5817976,1130829493.1754997,1859782608.0849037,1570097.3562177117,895531956.6437603,338480,C,06260,11009.359432113559,0.04213388632819658,24.0317847266432,49.90764979884523,5.834262121544397,9.353764114229593,3.909040109631141,Resto
EXALTACION DE LA CRUZ,Interior,266,700869036.4933575,377269918.38689935,221186545.1393025,177973368.99467435,116113786.20621914,784152626.5573217,442136332.39235896,230061732.0669502,196062431.53125808,128189857.70994912,40159,I,06266,19526.19902281734,25.003095684577918,16.347564666427655,29.33889708142585,11.882903328224494,17.193635337482046,4.012534723600909,Agroindustrial
EZEIZA,AMBA,270,2475369799.069792,822764006.2801318,1207325963.9823365,5676543.426198793,542400415.8319583,2772436285.594946,848737948.2803771,1440029543.2012928,6180710.178282144,584320271.5268794,201511,C,06270,13758.237940335495,0.22293425498706476,21.076057710068827,51.940942725479886,12.000893225601581,3.1569127723122365,19.274295936731857,Resto
FLORENCIO VARELA,AMBA,274,4238860041.3269978,1052499413.442438,2258774352.731186,27606293.146127954,938522070.6305975,4478224745.093588,1132415204.2723305,2368234394.0472736,26405734.940166727,996286586.1892006,496433,C,06274,9020.803905247209,0.5896473813445218,22.24735565763526,52.883330534983706,5.646912175275684,7.592953479043737,4.845992747515247,Resto
FLORENTINO AMEGHINO,Interior,277,273329398.8733676,171511067.23275235,71511704.56562752,150415425.8190291,15616225.87156446,265795536.43160772,155089252.70875892,79889929.67535628,132602553.67907436,16627464.851944266,10790,I,06277,24633.506620167536,49.8889317177057,6.255735169662153,30.0569116953222,-2.7563308128630144,-9.57478417512725,11.715879464235016,Resto
GENERAL ALVARADO,Interior,280,643490913.0093185,275365581.91966015,280373405.71640074,233695616.12174034,16442442.461380115,605148372.4235907,228406572.68402627,288270253.8447821,176973809.80184847,18175781.55532554,45526,I,06280,13292.36858989568,29.244697311681882,3.0035248186378483,47.63629334245308,-5.958520906910238,-17.053332848741604,2.8165467791795766,Resto
GENERAL ALVEAR,Interior,287,223891958.87607008,118990467.10227063,76598594.96633628,107008985.85259698,7231421.790636276,237485851.10767794,127627226.56489174,79077901.63000466,114629633.25143774,8750704.40338034,12631,I,06287,18801.824963001975,48.26798426802436,3.6847266321616368,33.29794228210679,6.071630397022173,7.258362516719877,3.2367521424616084,Resto
GENERAL ARENALES,Interior,294,412108663.13953924,237978770.8498761,127882499.21179718,207149259.2674207,24797410.40960419,416111784.30851793,231577262.60555318,136014658.91404548,198619667.92247805,26649444.222843103,16350,I,06294,25450.26203721822,47.73228622989812,6.404395460015234,32.68704805850922,0.9713751558829137,-2.6899492847457314,6.35908724991364,Resto
GENERAL BELGRANO,Interior,301,307515331.6396773,115660461.01234911,149927756.18191132,89470075.97224978,19240401.90956185,319659173.8160688,117909930.83930627,157311018.32882524,88091010.18021704,21198819.60072597,20791,I,06301,15374.88210360583,27.557791984691924,6.631694422423717,49.21210814970748,3.949020073776601,1.94489093962454,4.924546551577554,Resto
GENERAL GUIDO,Interior,308,84797194.44452159,51898222.67311441,24178536.438128,48190039.00281767,483431.6079899877,90109431.28521591,54489452.93579321,26051103.06705056,48635351.32082851,987100.1429796263,3174,I,06308,28389.864929179555,53.97365251023177,1.0954459804049146,28.910517684428797,6.26463749831941,4.9929075201667255,7.744747634805744,Resto
GENERAL JUAN MADARIAGA,Interior,315,363450633.8463162,140719499.63196883,176968388.06404078,94493547.52400091,9907202.268492898,388788031.52654266,141387722.98709556,199105123.22236282,89197342.2557848,11472254.294329252,22624,I,06315,17184.76094088325,22.94240949382087,2.9507735228588277,51.21174189457266,6.971345024793731,0.47486194654925473,12.508864097417932,Resto
GENERAL LA MADRID,Interior,322,306426593.4526748,187129308.4420406,87884464.98647743,179909970.5186157,1681471.0900577845,338028317.64821774,208049815.79219228,94868389.72686432,198383873.05608216,2221721.974035756,11618,I,06322,29095.224448977253,58.68853663986164,0.6572591283159529,28.06521962032565,10.312983556508312,11.179706441672325,7.946711334547565,Resto
GENERAL LAS HERAS,Interior,329,327676640.70442766,174775088.8244322,97903414.14926764,52752818.73902135,98823746.17924562,341694841.5216895,177486444.90658906,106818469.08439277,52897179.25854581,101381619.13068315,18022,I,06329,18959.873572394266,15.48082465131043,29.67022231860291,31.261364265463268,4.278059243748954,1.5513401254114199,9.105969401161905,Resto
GENERAL LAVALLE,Interior,336,117491438.13686262,47888500.22057886,57286955.78057493,28622575.786853917,1381189.8887509468,115053299.92283028,45902122.95721118,56572633.17988585,30964682.966284607,1800334.3178818056,4870,I,06336,23624.907581689997,26.913337546209934,1.5647828607170278,49.17080450350474,-2.075162456682346,-4.14792122162573,-1.2469201600188684,Resto
GENERAL PAZ,Interior,343,193520537.35259894,84531762.27193886,79936771.11769646,54707449.810160205,18044038.040869422,209071642.95176986,92871328.19609538,84714370.284160465,56652363.982804775,20570537.43816747,14207,I,06343,14716.100721599905,27.097105653813486,9.838989710772413,40.51930194268525,8.035894180490232,9.865600455989686,5.976722726803175,Resto
GENERAL PINTO,Interior,351,414738301.41531974,276229232.2806946,98050267.12945023,252718808.16182235,9040830.327034568,394439001.0316001,251753551.83460957,101965184.91117093,228881476.75591978,8912658.564610103,12941,I,06351,30479.792985982545,58.02709066733063,2.2595784243698747,25.850685313697486,-4.894484139624198,-8.860640940859472,3.992766053918092,Resto
GENERAL PUEYRREDON,Interior,357,9282622901.519705,2753338453.533648,5008469341.270279,285731765.0624377,1673345706.2110279,9832138866.187073,2862679310.599214,5358857906.59115,275427673.98144424,1747426192.2277231,667082,I,06357,14739.025886153535,2.8012996737530393,17.772594712195914,54.5034806721493,5.9198350562900055,3.9712101839582226,6.995921137694409,Resto
GENERAL RODRIGUEZ,Interior,364,1700738708.1270528,667473441.9148442,711179841.3906258,79663479.10134256,451382570.4193893,1874933709.8000007,761550969.6190567,769521779.4628001,86170164.98675847,476169900.3581805,142709,C,06364,13138.160240769683,4.5959046197932105,25.39662591105547,41.04261262361564,10.242314168575668,14.0945724273798,8.203542153007843,Resto
GENERAL SAN MARTIN,AMBA,371,6377640418.984346,2146795412.8350155,3060508645.558574,0,1941846136.9508367,6718900268.018527,2247016456.466915,3233474870.8810477,0,2056807572.0598166,450518,C,06371,14913.72213323003,0,30.612265251950085,48.125061273377604,5.350879425850839,4.668402169704176,5.651551599878112,Resto
GENERAL VIAMONTE,Interior,385,455719122.3479539,267183614.8595319,136169481.93685082,235539168.79673862,17591864.191721857,438303841.0490127,241903033.8766691,143123240.86071813,210064932.13837212,18469498.609590776,22649,I,06385,19352.01735392347,47.92678330986424,4.213857347311143,32.65388697442731,-3.8214945225941506,-9.461875495678774,5.106694117476448,Resto
GENERAL VILLEGAS,Interior,392,1107716783.9329238,724048567.8065506,272078947.44853073,670454621.592727,34814735.673686445,1128981491.8685663,716704497.9001255,294220551.3552941,657913727.8005444,38050358.59523174,35251,I,06392,32026.935175415343,58.27497904430991,3.3703261629431114,26.060706351202672,1.9196881589301742,-1.0143062541610175,8.137933535247855,Resto
GUAMINI,Interior,399,473824633.41225225,261384391.1819077,167744579.945999,254867183.45947397,3226167.347127524,532295673.0159539,302877705.99389356,179142752.73824206,286926827.0670975,3372605.2800724753,11801,I,06399,45105.980257262425,53.903655733549,0.6335962231222931,33.654745251493495,12.34022789879495,15.874442473157861,6.79495742629205,Resto
HIPOLITO YRIGOYEN,Interior,406,307779991.69421375,193381636.83050382,82995881.2955194,182385483.7054099,2833542.1945241457,303336850.6583486,190246521.36917874,80726517.72752799,176077215.4661262,3199815.349884271,10661,I,06406,28452.945376451422,58.04676058447108,1.054871949431642,26.612829121263307,-1.4436094469323033,-1.62120639410709,-2.734308657933269,Resto
HURLINGHAM,AMBA,408,2290239390.615209,706998697.2693846,1146318019.361154,5571.607597317235,630163925.5240428,2414916754.559638,759360426.3443053,1194103598.9720578,5341.734741822335,669036052.2558808,185641,C,06408,13008.531275739939,2.211974690943914e-4,27.704311173155947,49.446988046998065,5.443857286505661,7.406198805903809,4.1686145383577555,Resto
ITUZAINGO,AMBA,410,2194659968.9803786,598788639.5811365,1199650803.3231568,16714.82279195171,482478633.6545103,2354717275.4987407,675294919.573472,1259874476.2093017,16025.204225467009,509202772.5409642,180232,C,06410,13064.923407046144,6.80557466164289e-4,21.62479452795931,53.504277958059916,7.29303440080166,12.776842267056551,5.020100242447142,Resto
JOSE C PAZ,AMBA,412,3228062995.4743533,1024181132.2580862,1526768927.0020168,200577.87350342047,908291063.1701952,3469387334.4336967,1112016949.752992,1635329047.594442,192302.45070560407,986518525.1304368,326992,C,06412,10610.006772134171,0.005542836015944392,28.434949172127094,47.135960616555785,7.475824954397508,8.576199534280398,7.110448652213218,Resto
JUNIN,Interior,413,1646216777.220822,586911858.2206464,825479327.353213,289781337.2404533,212321295.39517418,1716138231.7664094,593342388.3473518,878765721.8277231,281252472.4890098,214885153.81219763,103787,I,06413,16535.194501877973,16.388684039718555,12.521436201034795,51.205998768713144,4.2474026211560165,1.0956551714938914,6.455206412662781,Resto
LA COSTA,Interior,420,1040358186.9686214,264142680.13347337,611572817.075319,320522.94457030063,37401944.9531373,1146017690.3124743,288539873.9371886,679837209.8477073,354129.5188063138,42829399.06573803,100689,I,06420,11381.75660014971,0.0309008771679394,3.737237167260492,59.32170293657005,10.156069771673717,9.236369446765348,11.16210381927113,Resto
LA MATANZA,AMBA,427,18191369230.548576,5136050382.895181,9232924764.553413,2983800.63299778,4847013441.457022,18812000795.189453,5422626606.391589,9390682827.781126,3079867.4953792067,5118462311.261929,1841247,C,06427,10216.989244348777,0.016371823119244077,27.208495082409343,49.91857554132404,3.4116814230709838,5.579700394894998,1.7086466883535059,Resto
LA PLATA,Interior,441,8099973355.086713,1367047414.5545895,5332911902.614728,90138933.78928918,924725841.7592968,8477417474.203256,1421964392.395336,5581820920.477389,88047155.40229973,971031210.3464245,768547,I,06441,11030.447681408235,1.0386082279211426,11.454328081650669,65.84341207051375,4.659819268164767,4.017196276885496,4.667412895769405,Resto
LANUS,AMBA,434,6051940354.647596,1740289523.7933052,3203638758.181203,0,1522405154.185102,6330226080.282104,1821251175.7572708,3343248348.7686944,0,1600391188.9921541,461267,C,06434,13723.561582081753,0,25.281738261721507,52.814043390685725,4.5982892977588135,4.6521944111629034,4.357844349053632,Resto
LAPRIDA,Interior,448,227620893.58183214,96061553.65031262,105091860.50126795,84777015.27885237,4240218.706916923,231931369.55164573,94885873.87302102,109278126.73585878,82689765.78033611,4558378.309606761,11646,I,06448,19915.109870483062,35.652687232514715,1.9653996431869971,47.1165789031074,1.8937083946838664,-1.2238817014883558,3.98343526760602,Resto
LAS FLORES,Interior,455,390600504.7174112,151719524.3373692,181421500.26428178,93803148.48945738,36427696.20913763,445846117.98156285,186334592.92039052,192845107.88598782,100430547.16718325,58426262.6472702,27239,I,06455,16367.932669391786,22.525831921976355,13.10458032286519,43.25373713222789,14.143763921687793,22.815170779239956,6.296722056131687,Resto
LEANDRO N ALEM,Interior,462,399096489.35725176,233058893.5232024,118198072.06778145,201086162.0945176,25072829.641546156,387761990.02937263,215007727.71121758,123856968.18263383,175119296.5101735,27369668.516313523,17266,I,06462,22458.125218891037,45.16154265066268,7.058368076314106,31.941492814510205,-2.840039847539986,-7.7453237416094165,4.787638254883931,Resto
LEZAMA,Interior,466,110759445.27369216,45904483.60065184,51845442.8117522,40121679.085020274,2048369.2365033382,110190194.86779036,43940122.485297695,52786736.87702315,37371792.256148726,2228537.094773829,6221,I,06466,17712.61772509088,33.91571482470702,2.022445914945243,47.90511255593869,-0.5139520196179731,-4.279235842065435,1.815577250808209,Resto
LINCOLN,Interior,469,1034090652.2765495,568722621.9351811,342215136.9552109,467725908.5366322,76536275.33098076,1030660601.0880367,555506262.0741711,346675362.000823,451065125.0901873,79336815.900965,45506,I,06469,22648.89467516452,43.76466167562937,7.69766650798639,33.63622919463969,-0.3316973401666042,-2.32386744456182,1.3033394972811652,Resto
LOBERIA,Interior,476,711010984.7138135,493981206.39878654,151900467.39514878,463144741.697756,6477768.927810687,660481024.31396,443900707.7571813,151729247.16753104,412687472.5164641,7810417.68496314,18243,I,06476,36204.62776483911,62.48286586963214,1.1825347583718702,22.972536921122277,-7.106776334853986,-10.138138454031736,-0.11271869702173731,Resto
LOBOS,Interior,483,597600186.5993614,247163130.22549036,257367184.7771969,134472614.60596088,79827752.48950891,618497597.5538504,251366909.28403372,269332227.72226405,133972340.41270675,83443228.92874964,41760,I,06483,14810.766224948526,21.660931415508408,13.491277776787893,43.54620434864571,3.496888291385169,1.7008115468954403,4.6490165229981795,Resto
LOMAS DE ZAMORA,AMBA,490,8060476423.455387,2318217672.506914,4184401522.9919176,390421.88800978696,2079348484.3490317,8318515571.996389,2288413564.3722105,4422238590.829903,380007.92277824593,2061019998.4446762,690480,C,06490,12047.438842539088,0.004568217964963748,24.776295489341074,53.16139102650732,3.2012890427931473,-1.2856475251728003,5.683896885400412,Resto
LUJAN,Interior,497,1838661531.0071356,777703855.8705281,756398595.9042914,58367137.40819548,491830097.4804878,1990159009.6004388,869686337.487675,798346309.5257146,56613296.42359717,513641437.38293684,111251,I,06497,17888.908950035853,2.8446619667321627,25.809065250824347,40.114699663420225,8.239552306852243,11.827443174264019,5.5457154268344215,Resto
MAGDALENA,Interior,505,337165488.4270592,148910189.52258328,125080470.68267211,42431833.765998445,91220514.92536262,350743939.6020436,149002726.20148054,136307749.47983474,42941326.88085298,89626920.6222486,26613,I,06505,13179.42132048411,12.242927683818142,25.55337683779794,38.862467483968615,4.027236369395486,0.06214261038411195,8.976044570255988,Resto
MAIPU,Interior,511,183434410.65344816,71360479.06794219,88938768.97963306,58444194.15904924,3999505.7155025536,197132964.3170848,81851758.40077445,90278329.0625417,60585654.58788816,5094868.589907206,11323,I,06511,17409.95887283271,30.733396009019188,2.584483324520095,45.795653393275536,7.467821121913977,14.701806195616392,1.5061599101010594,Resto
MALVINAS ARGENTINAS,AMBA,515,4725245084.892361,1732670742.552493,2094767696.3106387,136504.3861342722,1536096433.5206203,5110992651.663447,1878498685.3454347,2271955416.5765305,130872.50117464717,1659399083.7580185,350674,C,06515,14574.769306146014,0.0025606082828558323,32.46725630133596,44.45233189363106,8.163546225452006,8.416367819434312,8.458585674104082,Resto
MAR CHIQUITA,Interior,518,501260839.1354401,243396171.88114458,191424655.70670742,128381603.52240919,26857460.965371978,546712747.4844981,272599112.80084145,202853638.92746505,133810273.08748046,25819101.30673871,33110,I,06518,16512.012911038906,24.47542584349098,4.722608248213712,37.104245302642575,9.067516310959409,11.998110197870027,5.970486496926825,Resto
MARCOS PAZ,Interior,525,782638838.9388556,327394129.2735075,307243718.5688743,37553212.82588821,138145066.23157814,791115742.9366219,317875459.5489617,320499470.78500617,38112573.80541649,147140522.37029755,67011,C,06525,11805.759396765037,4.817572415376618,18.599114438566456,40.51233636121461,1.0831182374311636,-2.907403912729849,4.314409511080158,Resto
MERCEDES,Interior,532,940689009.7160591,319224339.1964358,456819655.23112017,70390929.56715631,203490845.41579548,982166648.5909603,333204571.01581985,475670830.18627936,74807436.63345976,212543112.67833394,72980,I,06532,13458.024782008226,7.616572680489639,21.64022907754538,48.43076588567613,4.409282817859319,4.3794379384027025,4.126612053420021,Resto
MERLO,AMBA,539,5890244876.955216,1736174735.071811,2936601121.5099154,5246207.445095017,1577954506.3989758,6194615929.858339,1840730529.331457,3068960162.9282675,5190073.202708551,1680841553.3173058,582486,C,06539,10634.78938525276,0.08378361566682697,27.13391067903937,49.542379990593695,5.167375198507168,6.022193051629757,4.50721892220408,Resto
MONTE,Interior,547,444207753.01410365,237966061.09640503,138060457.31821772,121058593.2523063,88702067.76891144,462940442.6073621,244287326.36167827,146286320.6990521,119517323.25871097,94499327.03200737,24868,I,06547,18615.90970755035,25.81699766509237,20.412847600821074,31.59938239034416,4.217100999735067,2.6563726088286037,5.958160316588296,Agroindustrial
MONTE HERMOSO,Interior,553,147470098.45167658,69799111.64427443,61613289.74500524,1297574.849690147,2758532.736993582,167746139.2784372,82330848.44201404,67871760.31834483,1409268.6258695582,2517779.815360153,8465,I,06553,19816.43700867539,0.8401198572626175,1.5009465053505402,40.46099696261049,13.749255638697992,17.954006150689427,10.157663386001783,Resto
MORENO,AMBA,560,5175038801.813158,1432949989.2462518,2645622637.333988,3373096.06637892,1228731626.6611748,5485668596.995766,1508623713.4880233,2817478863.997597,3439909.3779185116,1313162385.1131656,576632,C,06560,9513.292007720289,0.06270720363607789,23.938055350852235,51.36071955824297,6.002463113392957,5.280974549682415,6.495870735245511,Resto
MORON,AMBA,568,4496805806.409235,1234404494.9948213,2486848371.126346,30721.604799795088,978939700.1421309,4763104726.032835,1324053763.386066,2621887187.772952,28729.832593765783,1019255472.0772152,331183,C,06568,14382.093060431347,6.031744890416195e-4,21.398972533743716,55.045759826421204,5.921957297867919,7.262552004205134,5.430118627837532,Resto
NAVARRO,Interior,574,391693718.0534847,224816178.3083015,109466126.89589277,123367727.22349727,69428609.1025022,395835261.5373361,221963664.18870023,113804136.31701985,122194182.06104985,71682595.87275222,19899,I,06574,19892.218781714462,30.869958776910075,18.10919916390292,28.750378598164776,1.0573423297245519,-1.2688206609799613,3.962878329707165,Agroindustrial
NECOCHEA,Interior,581,1760996907.887633,636775612.4559253,897629508.7169118,419354179.57314986,94994845.32547244,1611458579.0517242,487638126.34934235,899476929.1267816,255115135.4051674,102129081.25121106,102110,I,06581,15781.594153870572,15.831318205851245,6.337679576679517,55.81756433702975,-8.491686053854828,-23.420728305122648,0.20581101578428798,Resto
9 DE JULIO,Interior,588,1180868603.5313287,637221318.6493583,400181268.4906994,505041096.95760554,96981071.90647095,1173534662.7326963,605430130.1770214,419819541.76981235,468531433.94778454,99901386.57297088,52607,I,06588,22307.576230020648,39.92480570252275,8.512862018096698,35.77393622036006,-0.6210632391021829,-4.989034036042746,4.907344452472629,Resto
OLAVARRIA,Interior,595,2726244731.587235,1362429960.819921,933488604.7481453,274673174.96094155,805039294.4116505,2948300007.972114,1468395668.259687,1023133901.6887959,280977775.8440498,845428301.4480884,125751,I,06595,23445.539263879524,9.530162299775952,28.67511105254132,34.702503100847025,8.145096946435814,7.777699440490499,9.603255624618667,Resto
PATAGONES,Interior,602,514464813.06532633,194861314.74058205,250307445.2492406,154942028.00629532,12718370.66861435,520303392.1192149,183571066.18472928,264773540.39255878,136987773.84978306,13382167.057876486,37646,I,06602,13820.947567316976,26.328441429494973,2.5719930449368062,50.888297943652915,1.1348840398045223,-5.79399177865726,5.779330746200433,Resto
PEHUAJO,Interior,609,984241154.1785117,528437825.87700903,346078249.20938796,451707110.81398785,33660076.359501705,1067104185.6639993,569545045.1544418,378135174.0314069,481471633.09359306,37641613.00936769,44783,I,06609,23828.331859500242,45.1194587709353,3.527454349356283,35.43563778602503,8.418976501205995,7.779007721336034,9.262912331316,Resto
PELLEGRINI,Interior,616,210029097.36721975,136704236.9038403,52111211.771348536,127978108.03864972,2830579.3117324044,236976315.7752381,153810742.3577271,59247631.97998817,143473398.9337625,3102873.7262826096,7143,I,06616,33176.02068811957,60.54334943321546,1.3093602692454518,25.00149932121572,12.83023102313448,12.5135151925977,13.694596548536486,Resto
PERGAMINO,Interior,623,1988973457.571099,871495997.6901302,817041167.3935437,422596259.32470423,367863728.0669187,2125753763.4397473,937469508.8466327,860761410.4718103,439581220.5715757,421734033.52213776,115340,I,06623,18430.325675739095,20.678840048730567,19.839270228538464,40.49205628967044,6.876929671835948,7.570145053030992,5.351045311185393,Resto
PILA,Interior,630,119155487.03729354,82804793.78266373,23635057.21572908,76023233.71911736,1497156.9840063318,121488011.44213057,82639635.18165149,25453209.18441247,77241439.39149095,808275.993201679,4642,I,06630,26171.48027620219,63.579474612014735,0.6653133783383162,20.951210643971088,1.9575467843180303,-0.19945536178223408,7.692606588967392,Resto
PILAR,Interior,638,6085754926.750498,2861026050.419959,2246602240.9216332,15136754.604802473,1446088559.5809088,6543340723.496162,3059063685.464176,2438853884.1303296,14934821.558345012,1551116021.9687574,394754,C,06638,16575.74267390872,0.2282445953749022,23.705261387335838,37.272304579414126,7.518965227046919,6.921909537144827,8.55744019599251,Resto
PINAMAR,Interior,644,484432632.8650128,90589806.95073147,323061577.2432918,0,20046945.221709788,546228028.4693415,135505833.03298622,332574783.64085454,0,23690350.779687036,39449,I,06644,13846.435358801022,0,4.3370807693762865,60.88570456056726,12.756241304154251,49.58176597802329,2.944703755469664,Resto
PRESIDENTE PERON,Interior,648,914989659.1460778,283227247.3935503,450880335.6533047,3506165.243351628,144316464.95657402,923288485.8865833,265894388.6622024,468648541.1411165,3596061.4996592076,152422889.50910878,102106,C,06648,9042.450844089313,0.38948406209204556,16.508696018530483,50.75862509983529,0.9069858503374267,-6.119770922768428,3.9407807532937755,Resto
PUAN,Interior,651,381093814.43888134,184999233.3432942,152691226.1176154,143869582.04210955,23121179.936105717,357332740.26039547,159161007.05730528,154756297.94519436,115824408.74071483,24179426.809817724,16613,I,06651,21509.224117281374,32.41360101968582,6.766641867800217,43.308737350073315,-6.2349671598505045,-13.966666682365203,1.352449567723212,Resto
PUNTA INDIO,Interior,655,142746610.8682501,48014570.041026816,71689932.72407691,25474952.017197832,11676902.733152224,156520391.13230276,57033392.30004407,74368667.11945967,26589914.251870017,14302285.693860872,12297,I,06655,12728.339524461475,16.9881470775231,9.137650110886517,47.513724302284494,9.649111933568324,18.783511445194605,3.736555878344568,Resto
QUILMES,AMBA,658,7297989253.567154,1988199809.6401165,3923989572.0078554,29974.990007717402,1700649671.0376656,7631098112.044876,2099138963.2741895,4073364965.7565513,29136.914284576724,1792364642.8700867,633391,C,06658,12048.005279590136,3.818181060807907e-4,23.487637251590698,53.378490303082046,4.56439228538057,5.579879501857215,3.806722495245123,Resto
RAMALLO,Interior,665,697447466.3771745,336926300.5926954,242738421.7927061,104925326.26284659,205836093.5464411,778147604.6552994,386598439.31863606,260784359.85682812,131738857.12867294,234069412.22062725,39730,I,06665,19585.894907004767,16.929803078559893,30.08033576410151,33.51348231321091,11.570783774914867,14.742731166596718,7.434314654782135,Resto
RAUCH,Interior,672,268518662.7512748,113818562.75520644,118950938.21597901,88150047.67027885,15436767.724295296,271782036.9612925,108886247.80613649,125539375.28748228,83292292.21992098,16390923.624004815,16635,I,06672,16337.96434994244,30.64672454117472,6.030907637335586,46.19119669978842,1.2153249150657734,-4.3334890457877675,5.538785292757131,Resto
RIVADAVIA,Interior,679,619619994.1750959,393487530.06940746,163347833.8911879,356205889.61044884,19412557.844048407,731654193.8666643,484862983.2128842,172254061.06203577,445850836.55989236,21315047.67211216,19849,I,06679,36861.01032125872,60.93737182092113,2.9132680234450468,23.54309761442126,18.081114351501878,23.221943812897692,5.452308095362093,Resto
ROJAS,Interior,686,789747692.9271535,466744286.5470888,222243263.03604904,291241534.9134811,148957486.279267,794004098.4371612,458141530.6694323,231830253.08130038,272768068.8248212,151581035.03511477,25627,I,06686,30983.107598905888,34.35348373663445,19.090711916156582,29.197614160633684,0.53895763775284,-1.8431411215118552,4.313737079938517,Agroindustrial
ROQUE PEREZ,Interior,693,370226516.44226116,232153257.33033597,93552220.97374427,188029462.53340387,38401578.36188256,386363559.566608,240924285.49902982,98074871.5423583,194379714.9720058,39658925.53972844,13977,I,06693,27642.810300250985,50.31005387517538,10.264665121165846,25.38408944476309,4.358694584984842,3.7781197944654945,4.834359378686816,Resto
SAAVEDRA,Interior,700,423100021.1515999,179313029.07394612,189216252.37121373,113610750.2806071,39549732.12847325,425750434.0026941,174528027.85353503,194055354.84850076,105746031.51841019,43885955.43951829,22347,I,06700,19051.793708448295,24.837562823891577,10.307906213253698,45.57960235626508,0.6264270192850034,-2.6685184256397934,2.557445471329511,Resto
SALADILLO,Interior,707,599530554.5644403,276206474.79215497,237353832.33596665,179370359.65105996,73202955.53072849,630876820.2148442,287728730.4240473,250548310.06655827,178242387.41183972,84659175.87797658,35656,I,06707,17693.426638289326,28.253120371602733,13.419287754009732,39.71429953334383,5.228468409450304,4.171609532529173,5.558990811623076,Agroindustrial
SALLIQUELO,Interior,721,219050413.21956486,117466776.3487142,74342404.50791863,90026552.16657397,21164590.413821664,237148335.10697857,129678873.90869966,77787561.49956387,100836935.47227825,22087680.930163767,9427,I,06721,25156.28886252027,42.52061707571774,9.313867171026068,32.80122606151698,8.261989384732768,10.396214095236923,4.634174821824984,Resto
SALTO,Interior,714,884562560.3327639,497491279.1219028,257829417.68762562,273848097.3921224,187436338.56399256,963529042.310405,534460499.16386926,289888433.4541527,291426627.03157884,198797104.49515298,39425,I,06714,24439.544510092706,30.245754329602708,20.63218603338265,30.086112688315204,8.927178869964232,7.431129266671563,12.4341962426368,Agroindustrial
SAN ANDRES DE GILES,Interior,728,495061261.7044654,258704116.00700638,162042374.46115276,130736820.45613709,101513531.26680641,518149944.54530877,268172835.54469383,171631979.86145058,137201876.53096434,104141676.08582814,26510,I,06728,19545.45245361406,26.479183868554276,20.098752722479862,33.12399850048474,4.663803174853648,3.6600575529424564,5.917961540730684,Agroindustrial
SAN ANTONIO DE ARECO,Interior,735,522397044.08382714,243363985.619416,207165843.80707866,103784581.29115894,81206962.35533442,534876068.1454544,244773300.43377373,214015167.95373553,121801192.01632357,82596694.10657014,26897,I,06735,19886.08648345371,22.7718530086115,15.442211574907995,40.01210386843035,2.3888006647343905,0.5790975237238596,3.3062033879654615,Resto
SAN CAYETANO,Interior,742,376829661.16927505,256829659.84395054,84389457.52506573,240679039.614343,7351471.236408247,320842272.26732826,205128605.6061811,82497556.5670259,185508566.42473334,7498563.923416095,8994,I,06742,35672.92331191108,57.819240935360966,2.3371496126196964,25.712807724503428,-14.857479299326382,-20.13048425527759,-2.2418688465652172,Resto
SAN FERNANDO,AMBA,749,2543884558.833536,879970897.4542716,1244734577.5678704,2345747.6356924255,580784133.8936995,2756724619.7743397,1003621525.0879037,1305018881.3728728,2339477.738529547,630189484.0035254,171616,C,06749,16063.331040079827,0.08486439747184658,22.86008110796034,47.33947206811318,8.366734260865927,14.051672389547155,4.843145268993332,Resto
SAN ISIDRO,AMBA,756,5187455570.520703,1521105188.3575673,2875667194.4959884,0,1087738279.7499478,5387114348.698778,1559441389.2684603,3001182683.7929497,0,1126761170.608896,297282,C,06756,18121.226137804435,0,20.915857686983344,55.710395019141664,3.8488768812343506,2.520285987078051,4.364743233751016,Resto
SAN MIGUEL,AMBA,760,3514911343.604554,966134783.0371561,1867341276.1105177,0,814402607.7796384,3800460013.8058653,1091986815.3732107,1982018650.2653306,0,879895887.3939724,328835,C,06760,11557.346431510834,0,23.152352194144655,52.15207219824141,8.123922406204418,13.026343171335183,6.141211337312381,Resto
SAN NICOLAS,Interior,763,5139889012.045361,3089797714.66667,1073998671.5849748,66033791.42971091,2735487954.3689117,5140576884.767566,3010646797.419623,1152897265.2722006,63871886.70111343,2687367693.1788254,168041,I,06763,30591.206222097975,1.2425042584301593,52.27755081617335,22.427390760138966,0.013383026765619418,-2.5616860570299766,7.346246859950922,Resto
SAN PEDRO,Interior,770,999919862.2047756,432332533.00415444,413070482.2272332,239276700.72671303,128260161.61513881,1086090747.6547637,480570112.9467087,438101496.27231675,275549556.9202032,140096040.1736646,68613,I,06770,15829.226934469614,25.37076736131006,12.899109993909738,40.33746693987824,8.617779154820012,11.157517942812484,6.059744068401826,Resto
SAN VICENTE,Interior,778,1113802736.2661886,493359332.5061793,432633929.94126207,18840249.566023782,166356406.46462968,1159464227.3438573,494847269.46256995,466891079.8450997,18319042.59684166,173030289.5639377,98215,C,06778,11805.368093914954,1.579957549773449,14.923296940374067,40.26782964358208,4.099603061736059,0.30159294825380495,7.918276291572567,Resto
SUIPACHA,Interior,784,223930441.18679315,104192907.84189358,88915871.57595849,64041482.4738643,31042917.806396607,235835650.00046062,111014235.16068585,91577711.15712298,67550032.04369813,34427048.73733652,11786,I,06784,20009.81248943328,28.64284176016908,14.597898467542661,38.83115684882422,5.3164762908392,6.546824980778173,2.993660787422586,Agroindustrial
TANDIL,Interior,791,2280291480.145057,856887561.4047045,1105417363.4550486,486457675.42535716,210771847.51657987,2431543034.9070425,912569044.6962566,1179029813.5052426,470485620.29731816,230154707.0763276,145575,I,06791,16703.026171437694,19.34926149951135,9.465376667089355,48.488955226339094,6.632992145037689,6.498108479982247,6.659244958855529,Resto
TAPALQUE,Interior,798,165030719.11743787,74036003.13101152,69182888.67564146,62638885.83062704,3293770.563404274,177867604.6290837,82888375.17078052,71374812.64304255,68674027.81846452,3656813.643397545,10783,I,06798,16495.187297513094,38.60963212591407,2.0559188678698876,40.128056366354095,7.778482442720824,11.956847567938212,3.168303621546869,Resto
TIGRE,AMBA,805,7066860400.715076,2792668562.2465396,3024197959.9647865,232864.06559135657,2212322853.4695673,7736685182.617766,3154520125.774707,3242476346.387429,224390.49851168244,2385430091.376771,446949,C,06805,17309.995508699576,0.0029003441811982613,30.83271498155548,41.910408267256294,9.478392722104886,12.95719686968792,7.217728115430126,Resto
TORDILLO,Interior,812,43231583.43556036,20616990.744531322,17444864.67883363,16132025.581933834,281012.25489226275,52877146.99650717,26906342.169804066,20056313.166115534,18994334.733218715,389530.8983970941,2542,I,06812,20801.39535661179,35.92163309127362,0.7366715500418826,37.930021389846104,22.311381620625074,30.50567128445261,14.969726251017878,Resto
TORNQUIST,Interior,819,282527843.65966034,143378492.16047946,102741837.59680904,77854435.56916775,20122080.679620333,315568088.68968624,168343734.15540254,107947044.97176944,75351376.19387802,21504596.92081927,14810,I,06819,21307.771012132765,23.878008865457485,6.8145663936146,34.207211958595444,11.694509327663631,17.412124802498415,5.066297719325643,Resto
TRENQUE LAUQUEN,Interior,826,1161227443.1281536,642237100.279246,386062708.70634335,535916114.6057936,62534131.960560374,1295499172.1637056,726241737.3999184,422550115.2327772,605964455.9134113,65657276.595315255,49499,I,06826,26172.22917965425,46.77459229104306,5.068106410724783,32.616780026732556,11.562913865852698,13.08000379986567,9.45116057665849,Resto
TRES ARROYOS,Interior,833,1448690657.5833173,774230184.480526,496517160.8282493,522890257.82501733,141613441.55533996,1322058766.9487195,637517936.868224,510625701.6917461,397823554.62490374,137036213.32641324,62426,I,06833,21178.01504098804,30.09121565322479,10.36536474416259,38.623525251472614,-8.74112702886088,-17.657829719468996,2.8415011557631016,Resto
TRES DE FEBRERO,AMBA,840,5679467414.413377,1905189486.8817146,2758837801.139914,51329.72579171667,1725162291.8262973,5993113394.008009,2046457387.3071074,2870823882.5123653,56833.9890643583,1828133706.802306,364176,C,06840,16456.640179495655,9.483216039459831e-4,30.50390651093132,47.9020451270395,5.522454073751001,7.4149002709757035,4.059175980776405,Resto
TRES LOMAS,Interior,847,194049109.89840811,100217451.81128475,72272306.62186314,89674175.71415813,5448433.323974167,201591852.0411096,111749608.0785895,66275087.099959895,102273385.37760758,5329729.413874978,9164,I,06847,21998.23789187141,50.73289636564849,2.6438218409681133,32.87587589921281,3.887027436843375,11.507133796437437,-8.29808788763499,Resto
25 DE MAYO,Interior,854,852423491.3664225,515185846.2324616,240225984.82096452,465443510.2348565,30372284.681563098,863335246.3435808,510680246.891069,251093466.72461107,452294078.5390775,31679887.82603428,35563,I,06854,24276.220969647693,52.38915942035783,3.669476945393547,29.08412088908086,1.280086141181647,-0.8745580598422662,4.5238577798924915,Resto
VICENTE LOPEZ,AMBA,861,5229469487.05202,1447172689.2595716,2989631666.136005,0,1181093667.299388,5288791208.604299,1451618134.5373702,3017586987.745507,0,1211856626.1199486,282280,C,06861,18735.975657518415,0,22.913678727728698,57.05626992489729,1.1343736051841775,0.3071813965804669,0.9350757796070952,Resto
VILLA GESELL,Interior,868,419790494.996938,80181768.48418224,272051485.51358956,0,20593721.253620006,458612933.68447894,92290780.35396913,293574115.035156,0,22911030.343261387,37463,I,06868,12241.7567649275,0,4.995722680386494,64.01348358769403,9.248050908781087,15.101951601598408,7.911233964017942,Resto
VILLARINO,Interior,875,488162182.37160903,199390393.73447344,220976497.44845518,140023094.7293422,24673973.469602052,501490061.5675955,199272073.96481138,231517787.6525035,135787290.06149486,25405812.510653637,32717,I,06875,15328.1187629549,27.076765915767243,5.06606500460612,46.16597723368789,2.730215423742252,-0.05934075731833795,4.770321878464546,Resto
ZARATE,Interior,882,2727321537.450937,1392138214.869743,841021878.0209461,53804882.17972778,1027604845.8871129,2910993103.3949385,1461534471.9452567,930932418.3082131,59155766.33195368,1075325436.96889,132221,I,06882,22016.117737688706,2.032150686408821,36.94015749177812,31.979890890930502,6.734503556763184,4.98486833665483,10.690630367290836,Resto
